mean_fit_time,std_fit_time,mean_score_time,std_score_time,param_svm__C,param_svm__gamma,params,split0_test_score,split1_test_score,split2_test_score,mean_test_score,std_test_score,rank_test_score
0.07620954513549805,0.0014429152418828275,0.07031035423278809,0.0009743411557761171,1,0.1,"{'svm__C': 1, 'svm__gamma': 0.1}",0.8950346197667711,0.8980844997445367,0.9130950609043856,0.9020713934718979,0.007893726399965273,1
0.07602405548095703,0.0008756444393725611,0.06591097513834636,0.00016722287019134557,1,0.5,"{'svm__C': 1, 'svm__gamma': 0.5}",0.8893053707343253,0.896473323785667,0.903981304827702,0.8965866664492315,0.0059919610200012945,4
0.08341352144877116,0.000235532484938304,0.06798704465230306,0.0006314059335850844,1,1.0,"{'svm__C': 1, 'svm__gamma': 1}",0.8899138251722766,0.8873943685993088,0.901099586204845,0.8928025933254767,0.005956340234628575,6
0.0658554236094157,0.006331960133658951,0.037956953048706055,0.011696643009370709,10,0.1,"{'svm__C': 10, 'svm__gamma': 0.1}",0.8967853597548463,0.8895665517020638,0.9096986381959905,0.8986835165509669,0.008327763848186008,2
0.05152448018391927,0.0066029389375800345,0.031540473302205406,0.0022551539431302677,10,0.5,"{'svm__C': 10, 'svm__gamma': 0.5}",0.8910833554312108,0.8888547235463834,0.9041235926525291,0.8946872238767077,0.006734265204880139,5
0.050161123275756836,0.0013146925503975105,0.0318446159362793,0.0005877950135304574,10,1.0,"{'svm__C': 10, 'svm__gamma': 1}",0.8836975329464956,0.8921783001718073,0.8956338834666173,0.8905032388616401,0.005014877115770449,8
0.04595502217610677,0.000438330524202864,0.027524709701538086,0.0002781568027620149,100,0.1,"{'svm__C': 100, 'svm__gamma': 0.1}",0.8947056064275377,0.8918478200359221,0.9056381411677075,0.897397189210389,0.00594287823853885,3
0.0745379130045573,0.00017739638300576628,0.02990873654683431,0.0010618470348286134,100,0.5,"{'svm__C': 100, 'svm__gamma': 0.5}",0.88610596190763,0.8888023784378087,0.8975411832632139,0.8908165078695509,0.004880820278645628,7
0.09957297643025716,0.006549176148708494,0.03348271052042643,0.0014505418791293321,100,1.0,"{'svm__C': 100, 'svm__gamma': 1}",0.8824155008260327,0.8844479819210643,0.8855708411044381,0.8841447746171784,0.0013058826057445211,9
